rodzaj,numer,model,rok_produkcji,status,rok_kasacji
bus,2001,Mercedes-Benz O405N,1994,w eksploatacji,
bus,2002,Mercedes-Benz O405N,1994,spisany,2018
bus,2003,Mercedes-Benz O405N,1994,spisany,2018
bus,2004,Mercedes-Benz O405N,1994,spisany,2017
bus,2005,Mercedes-Benz O405N,1994,spisany,2017
bus,2007,Mercedes-Benz O405N,1994,spisany,2018
bus,2008,Mercedes-Benz O405N,1994,spisany,
bus,2010,Mercedes-Benz O405N,1994,spisany,2019
bus,2011,Mercedes-Benz O405N,1994,spisany,2017
bus,2012,Mercedes-Benz O405N,1994,spisany,2019
bus,2013,Mercedes-Benz O405N,1994,spisany,2017
bus,2015,Mercedes-Benz O405N,1994,spisany,2018
bus,2016,Neoplan N4016,1997,spisany,2017
bus,2021,Neoplan N4016,1997,spisany,2017
bus,2024,Neoplan N4016,1997,w eksploatacji,
bus,2032,Neoplan N4016,1997,spisany,2017
bus,2038,Neoplan N4016,1997,spisany,2017
bus,2055,MAN NL283,2002,spisany,2020
bus,2056,MAN NL283,2002,spisany,2020
bus,2057,MAN NL283,2002,spisany,
bus,2058,MAN NL283,2002,spisany,2021
bus,2059,MAN NL283,2002,spisany,2021
bus,2060,MAN NL283,2002,spisany,
bus,2061,MAN NL283,2002,spisany,2021
bus,2062,MAN NL283,2002,spisany,
bus,2063,MAN NL283,2004,spisany,
bus,2064,MAN NL283,2004,spisany,
bus,2065,MAN NL283,2004,spisany,
bus,2066,MAN NL283,2004,w eksploatacji,
bus,2067,Solaris Urbino 12,2006,w eksploatacji,
bus,2069,Solaris Urbino 12,2006,w eksploatacji,
bus,2070,Solaris Urbino 12,2006,spisany,2026
bus,2071,Solaris Urbino 12,2006,w eksploatacji,
bus,2072,Solaris Urbino 12,2006,w eksploatacji,
bus,2073,Solaris Urbino 12,2006,spisany,
bus,2074,Solaris Urbino 12,2006,spisany,2025
bus,2075,Solaris Urbino 12,2006,w eksploatacji,
bus,2076,Solaris Urbino 12,2006,w eksploatacji,
bus,2077,Solaris Urbino 12,2006,w eksploatacji,
bus,2078,Solaris Urbino 12,2006,w eksploatacji,
bus,2079,Solaris Urbino 12,2006,w eksploatacji,
bus,2080,Solaris Urbino 12,2006,w eksploatacji,
bus,2081,Solaris Urbino 12,2006,w eksploatacji,
bus,2082,Solaris Urbino 12,2006,spisany,
bus,2083,Solaris Urbino 12,2006,w eksploatacji,
bus,2084,Solaris Urbino 12,2006,w eksploatacji,
bus,2085,Solaris Urbino 12,2006,w eksploatacji,
bus,2086,Solaris Urbino 12,2006,w eksploatacji,
bus,2087,Solaris Urbino 12,2006,w eksploatacji,
bus,2088,Solaris Urbino 12,2006,spisany,2021
bus,2089,Solaris Urbino 12,2006,spisany,
bus,2090,Solaris Urbino 12,2006,w eksploatacji,
bus,2091,Solaris Urbino 12,2006,w eksploatacji,
bus,2092,Solaris Urbino 12 W33,2008,w eksploatacji,
bus,2093,Solaris Urbino 12 W33,2008,w eksploatacji,
bus,2094,Solaris Urbino 12 W33,2008,w eksploatacji,
bus,2095,Solaris Urbino 12 W33,2008,w eksploatacji,
bus,2096,Solaris Urbino 12 W33,2008,w eksploatacji,
bus,2097,Solaris Urbino 12 W33,2008,w eksploatacji,
bus,2098,Solaris Urbino 12 W33,2008,w eksploatacji,
bus,2099,Solaris Urbino 12 W33,2008,spisany,2019
bus,2307,Ikarus 260.73A,1993,w eksploatacji,
bus,2480,Neoplan N4007,1998,w eksploatacji,
bus,2481,Neoplan N4007,1998,spisany,2018
bus,2482,Neoplan N4007,1998,spisany,2018
bus,2487,Mercedes-Benz O530K C2,2016,w eksploatacji,
bus,2488,Mercedes-Benz O530K C2,2016,w eksploatacji,
bus,2489,Mercedes-Benz O530K C2,2016,w eksploatacji,
bus,2490,Mercedes-Benz O530K C2,2017,w eksploatacji,
bus,2491,Mercedes-Benz O530K C2,2017,w eksploatacji,
bus,2492,Mercedes-Benz O530K C2,2019,w eksploatacji,
bus,2493,Mercedes-Benz O530K C2,2019,w eksploatacji,
bus,2494,Mercedes-Benz O530K C2,2020,w eksploatacji,
bus,2495,Mercedes-Benz O530K C2,2020,w eksploatacji,
bus,2496,Mercedes-Benz O530K C2,2020,w eksploatacji,
bus,2497,Mercedes-Benz O530K C2,2020,w eksploatacji,
bus,2498,Mercedes-Benz O530K C2,2020,w eksploatacji,
bus,2499,Mercedes-Benz O530K C2,2020,w eksploatacji,
bus,2501,MAN NG313,2002,w eksploatacji,
bus,2502,MAN NG313,2002,spisany,2024
bus,2503,MAN NG313,2002,spisany,2024
bus,2510,Solaris Urbino 18,2006,spisany,
bus,2511,Solaris Urbino 18,2006,spisany,
bus,2512,Solaris Urbino 18,2006,spisany,
bus,2513,Solaris Urbino 18,2006,spisany,
bus,2514,Solaris Urbino 18,2006,w eksploatacji,
bus,2515,Solaris Urbino 18,2006,w eksploatacji,
bus,2516,Solaris Urbino 18,2006,spisany,2021
bus,2517,Solaris Urbino 18,2006,w eksploatacji,
bus,2518,Solaris Urbino 18 W13,2008,w eksploatacji,
bus,2519,Solaris Urbino 18 W13,2008,w eksploatacji,
bus,2520,Solaris Urbino 18 W13,2008,w eksploatacji,
bus,2521,Solaris Urbino 18 W13,2008,w eksploatacji,
bus,2522,Solaris Urbino 18 W13,2008,w eksploatacji,
bus,2523,Solaris Urbino 18 W13,2008,w eksploatacji,
bus,2524,Solaris Urbino 18 W13,2008,w eksploatacji,
bus,2525,Solaris Urbino 18 W13,2008,w eksploatacji,
bus,2526,Solaris Urbino 18 W13,2008,w eksploatacji,
bus,2527,Solaris Urbino 18 W13,2008,w eksploatacji,
bus,2528,Solaris Urbino 18 W13,2008,w eksploatacji,
bus,2529,Solaris Urbino 18 W13,2008,w eksploatacji,
bus,2530,Solaris Urbino 18 W13,2008,w eksploatacji,
bus,2531,Solaris Urbino 18 W13,2008,w eksploatacji,
bus,2532,Solaris Urbino 18 W13,2008,w eksploatacji,
bus,2533,Solaris Urbino 18 W13,2008,w eksploatacji,
bus,2534,Solaris Urbino 18 W13,2008,w eksploatacji,
bus,2535,Solaris Urbino 18 W13,2009,w eksploatacji,
bus,2536,Solaris Urbino 18 W13,2009,w eksploatacji,
bus,2537,Solaris Urbino 18 W13,2009,w eksploatacji,
bus,2538,Solaris Urbino 18 W13,2009,w eksploatacji,
bus,2539,Solaris Urbino 18 W13,2009,w eksploatacji,
bus,2540,Solaris Urbino 18 W13,2009,w eksploatacji,
bus,2541,Solaris Urbino 18 W13,2009,w eksploatacji,
bus,2542,Solaris Urbino 18 W13,2009,w eksploatacji,
bus,2543,Solaris Urbino 18 W13,2009,w eksploatacji,
bus,2544,Solaris Urbino 18 W13,2009,w eksploatacji,
bus,2545,Solaris Urbino 18 W13,2009,w eksploatacji,
bus,2546,Solaris Urbino 18 W13,2009,w eksploatacji,
bus,2547,Solaris Urbino 18 W13,2009,w eksploatacji,
bus,2548,MAN NG544 Lion`s City 18E,2023,w eksploatacji,
bus,2549,MAN NG544 Lion`s City 18E,2023,w eksploatacji,
bus,2550,MAN NG544 Lion`s City 18E,2023,w eksploatacji,
bus,2551,MAN NG544 Lion`s City 18E,2023,w eksploatacji,
bus,2552,MAN NG544 Lion`s City 18E,2023,w eksploatacji,
bus,2553,MAN NG544 Lion`s City 18E,2023,w eksploatacji,
bus,2554,MAN NG544 Lion`s City 18E,2023,w eksploatacji,
bus,2555,MAN NG544 Lion`s City 18E,2023,w eksploatacji,
bus,2556,Mercedes-Benz O530G C2,2020,w eksploatacji,
bus,2557,Mercedes-Benz O530G C2,2020,w eksploatacji,
bus,2558,Mercedes-Benz O530G C2,2020,w eksploatacji,
bus,2559,Mercedes-Benz O530G C2,2020,w eksploatacji,
bus,2560,Mercedes-Benz O530G C2,2020,w eksploatacji,
bus,2561,Mercedes-Benz O530G C2,2020,w eksploatacji,
bus,2562,Mercedes-Benz O530G C2,2020,w eksploatacji,
bus,2563,Mercedes-Benz O530G C2,2020,w eksploatacji,
bus,2564,Mercedes-Benz O530G C2,2020,w eksploatacji,
bus,2565,Mercedes-Benz O530G C2,2020,w eksploatacji,
bus,2566,Mercedes-Benz O530G C2,2020,w eksploatacji,
bus,2567,Mercedes-Benz O530G C2,2020,w eksploatacji,
bus,2568,Mercedes-Benz O530G C2,2020,w eksploatacji,
bus,2604,Neoplan N4020,1997,spisany,2017
bus,2605,Neoplan N4020,1997,w eksploatacji,
bus,2620,Mercedes-Benz O405GN,1996,w eksploatacji,
bus,2641,Mercedes-Benz Conecto G,2011,w eksploatacji,
bus,2642,Mercedes-Benz Conecto G,2011,w eksploatacji,
bus,2643,Mercedes-Benz Conecto G,2011,w eksploatacji,
bus,2644,Mercedes-Benz Conecto G,2011,w eksploatacji,
bus,2645,Mercedes-Benz Conecto G,2011,w eksploatacji,
bus,2646,Mercedes-Benz Conecto G,2011,w eksploatacji,
bus,2647,Mercedes-Benz Conecto G,2011,w eksploatacji,
bus,2648,Mercedes-Benz Conecto G,2011,spisany,2026
bus,2649,Mercedes-Benz Conecto G,2011,w eksploatacji,
bus,2650,Mercedes-Benz Conecto G,2011,w eksploatacji,
bus,2651,Mercedes-Benz Conecto G,2011,w eksploatacji,
bus,2652,Mercedes-Benz Conecto G,2011,w eksploatacji,
bus,2653,Mercedes-Benz O530G C2,2016,w eksploatacji,
bus,2654,Mercedes-Benz O530G C2,2016,w eksploatacji,
bus,2655,Mercedes-Benz O530G C2,2016,w eksploatacji,
bus,2656,Mercedes-Benz O530G C2,2016,w eksploatacji,
bus,2657,Mercedes-Benz O530G C2,2016,w eksploatacji,
bus,2658,Mercedes-Benz O530G C2,2016,w eksploatacji,
bus,2659,Mercedes-Benz O530G C2,2016,w eksploatacji,
bus,2660,Mercedes-Benz O530G C2,2016,w eksploatacji,
bus,2661,Mercedes-Benz O530G C2,2016,w eksploatacji,
bus,2662,Mercedes-Benz O530G C2,2019,w eksploatacji,
bus,2663,Mercedes-Benz O530G C2,2019,w eksploatacji,
bus,2664,Mercedes-Benz O530G C2,2019,w eksploatacji,
bus,2665,Mercedes-Benz O530G C2,2019,w eksploatacji,
bus,2666,Mercedes-Benz O530G C2,2019,w eksploatacji,
bus,2667,Mercedes-Benz O530G C2,2019,w eksploatacji,
bus,2668,Mercedes-Benz O530G C2,2019,w eksploatacji,
bus,2669,Mercedes-Benz O530G C2,2019,w eksploatacji,
bus,2670,Mercedes-Benz O530G C2,2019,w eksploatacji,
bus,2671,Mercedes-Benz O530G C2,2019,w eksploatacji,
bus,2672,Mercedes-Benz O530G C2,2019,w eksploatacji,
bus,2673,Mercedes-Benz O530G C2,2019,w eksploatacji,
bus,2674,Mercedes-Benz O530G C2,2019,w eksploatacji,
bus,2675,Mercedes-Benz O530G C2,2019,w eksploatacji,
bus,2676,Mercedes-Benz O530G C2,2019,w eksploatacji,
bus,2677,Mercedes-Benz O530G C2,2019,w eksploatacji,
bus,2678,Mercedes-Benz O530G C2,2019,w eksploatacji,
bus,2679,Mercedes-Benz O530G C2,2019,w eksploatacji,
bus,2680,Mercedes-Benz O530G C2,2019,w eksploatacji,
bus,2681,Mercedes-Benz O530G C2,2019,w eksploatacji,
bus,2682,Mercedes-Benz O530G C2,2019,w eksploatacji,
bus,2683,Mercedes-Benz O530G C2,2019,w eksploatacji,
bus,2684,Mercedes-Benz O530G C2,2019,w eksploatacji,
bus,2685,Mercedes-Benz O530G C2,2019,w eksploatacji,
bus,2686,Mercedes-Benz O530G C2,2019,w eksploatacji,
bus,2687,Mercedes-Benz O530G C2,2019,w eksploatacji,
bus,2728,Mercedes-Benz Conecto LF A30,2011,w eksploatacji,
bus,2729,Mercedes-Benz Conecto LF A30,2011,w eksploatacji,
bus,2730,Mercedes-Benz Conecto LF A30,2011,w eksploatacji,
bus,2731,Mercedes-Benz Conecto LF A30,2011,w eksploatacji,
bus,2732,Mercedes-Benz Conecto LF A30,2011,w eksploatacji,
bus,2733,Mercedes-Benz Conecto LF A30,2011,w eksploatacji,
bus,2734,Mercedes-Benz Conecto LF A30,2011,w eksploatacji,
bus,2735,Mercedes-Benz Conecto LF A30,2011,spisany,2025
bus,2736,Mercedes-Benz Conecto LF A30,2011,w eksploatacji,
bus,2737,Mercedes-Benz Conecto LF A30,2011,w eksploatacji,
bus,2738,Mercedes-Benz O530 C2,2016,w eksploatacji,
bus,2739,Mercedes-Benz O530 C2,2016,w eksploatacji,
bus,2740,Mercedes-Benz O530 C2,2016,w eksploatacji,
bus,2741,Mercedes-Benz O530 C2,2016,w eksploatacji,
bus,2742,Mercedes-Benz O530 C2,2016,w eksploatacji,
bus,2743,Mercedes-Benz O530 C2,2016,w eksploatacji,
bus,2744,Mercedes-Benz O530 C2,2016,w eksploatacji,
bus,2745,Mercedes-Benz O530 C2,2016,w eksploatacji,
bus,2746,Mercedes-Benz O530 C2,2016,w eksploatacji,
bus,2747,Mercedes-Benz O530 II,2009,w eksploatacji,
bus,2748,Mercedes-Benz O530 II,2009,w eksploatacji,
bus,2749,Mercedes-Benz O530 II,2009,w eksploatacji,
bus,2750,Mercedes-Benz O530 II,2009,w eksploatacji,
bus,2751,Mercedes-Benz O530 II,2009,w eksploatacji,
bus,2752,Mercedes-Benz O530 II,2009,w eksploatacji,
bus,2753,Mercedes-Benz O530 II,2009,w eksploatacji,
bus,2754,Mercedes-Benz O530 II,2009,w eksploatacji,
bus,2755,Mercedes-Benz O530 II,2009,w eksploatacji,
bus,2756,Mercedes-Benz O530 II,2009,w eksploatacji,
bus,2757,Mercedes-Benz O530 II,2009,w eksploatacji,
bus,2758,Mercedes-Benz O530 II,2009,w eksploatacji,
bus,2759,Mercedes-Benz O530 II,2009,w eksploatacji,
bus,2760,Mercedes-Benz O530 II,2009,w eksploatacji,
bus,2761,Mercedes-Benz O530 C2,2019,w eksploatacji,
bus,2762,Mercedes-Benz O530 C2,2019,w eksploatacji,
bus,2763,Mercedes-Benz O530 C2,2019,w eksploatacji,
bus,2764,Mercedes-Benz O530 C2,2019,w eksploatacji,
bus,2765,Mercedes-Benz O530 C2,2019,w eksploatacji,
bus,2766,Mercedes-Benz O530 C2,2019,w eksploatacji,
bus,2767,Mercedes-Benz O530 C2,2019,w eksploatacji,
bus,2768,Mercedes-Benz O530 C2,2019,w eksploatacji,
bus,2769,Mercedes-Benz O530 C2,2019,w eksploatacji,
bus,2770,Mercedes-Benz O530 C2,2019,w eksploatacji,
bus,2771,Mercedes-Benz O530 C2,2019,w eksploatacji,
bus,2772,Mercedes-Benz O530 C2,2019,w eksploatacji,
bus,2773,Mercedes-Benz O530 C2,2019,w eksploatacji,
bus,2774,Mercedes-Benz O530 C2,2019,w eksploatacji,
bus,2775,Mercedes-Benz O530 C2,2019,w eksploatacji,
bus,2776,Mercedes-Benz O530 C2,2019,w eksploatacji,
bus,2777,Mercedes-Benz O530 C2,2019,w eksploatacji,
bus,2778,Mercedes-Benz O530 C2,2019,w eksploatacji,
bus,2800,Solaris Urbino 12 W33,2008,w eksploatacji,
bus,2801,Solaris Urbino 12 W33,2008,w eksploatacji,
bus,2802,Solaris Urbino 12 W33,2008,w eksploatacji,
bus,2803,Solaris Urbino 12 W33,2008,w eksploatacji,
bus,2804,Solaris Urbino 12 W33,2008,w eksploatacji,
bus,2805,Solaris Urbino 12 W33,2008,w eksploatacji,
bus,2806,Solaris Urbino 12 W33,2008,w eksploatacji,
bus,2807,MAN NL326 Lion`s City 12E,2023,w eksploatacji,
bus,2808,MAN NL326 Lion`s City 12E,2023,w eksploatacji,
bus,2809,MAN NL326 Lion`s City 12E,2023,w eksploatacji,
bus,2810,MAN NL326 Lion`s City 12E,2023,w eksploatacji,
bus,2811,MAN NL326 Lion`s City 12E,2023,w eksploatacji,
bus,2812,MAN NL326 Lion`s City 12E,2023,w eksploatacji,
bus,2813,MAN NL326 Lion`s City 12E,2023,w eksploatacji,
bus,2814,MAN NL326 Lion`s City 12E,2023,w eksploatacji,
bus,2815,MAN NL326 Lion`s City 12E,2023,w eksploatacji,
bus,2816,MAN NL326 Lion`s City 12E,2023,w eksploatacji,
bus,2818,Jelcz 043,1984,w eksploatacji,
bus,2819,Mercedes-Benz O530 C2,2020,w eksploatacji,
bus,2820,Mercedes-Benz O530 C2,2020,w eksploatacji,
bus,2821,Mercedes-Benz O530 C2,2020,w eksploatacji,
bus,2822,Mercedes-Benz O530 C2,2020,w eksploatacji,
bus,2823,Mercedes-Benz O530 C2,2020,w eksploatacji,
bus,2824,Mercedes-Benz O530 C2,2020,w eksploatacji,
bus,2825,Mercedes-Benz O530 C2,2020,w eksploatacji,
bus,2826,Mercedes-Benz O530 C2,2020,w eksploatacji,
bus,2827,Mercedes-Benz O530 C2,2020,w eksploatacji,
bus,2828,Mercedes-Benz O530 C2,2020,w eksploatacji,
bus,2829,Mercedes-Benz O530 C2,2020,w eksploatacji,
bus,2830,Mercedes-Benz O530 C2,2020,w eksploatacji,
bus,2832,Mercedes-Benz O530 C2,2020,w eksploatacji,
bus,2834,Mercedes-Benz O530 C2,2020,w eksploatacji,
bus,2835,Mercedes-Benz O530 C2,2020,w eksploatacji,
bus,2836,Mercedes-Benz O530 C2,2020,w eksploatacji,
bus,2837,Mercedes-Benz O530 C2,2020,w eksploatacji,
bus,2838,Mercedes-Benz O530 C2,2020,w eksploatacji,
bus,2839,Mercedes-Benz O530 C2,2020,w eksploatacji,
bus,2840,Mercedes-Benz O530 C2,2020,w eksploatacji,
bus,2841,Mercedes-Benz O530 C2,2020,w eksploatacji,
bus,2842,Mercedes-Benz O530 C2,2020,w eksploatacji,
bus,2843,Mercedes-Benz O530 C2,2020,w eksploatacji,
bus,2844,Mercedes-Benz O530 C2,2020,w eksploatacji,
bus,2845,Mercedes-Benz O530 C2,2020,w eksploatacji,
bus,2846,Mercedes-Benz O530 C2,2020,w eksploatacji,
bus,2847,Mercedes-Benz O530 C2,2020,w eksploatacji,
bus,2848,Mercedes-Benz O530 C2,2020,w eksploatacji,
bus,2849,Mercedes-Benz O530 C2,2020,w eksploatacji,
bus,2903,Iveco Daily 70C17 / Kapena Urby LE,2013,spisany,2021
bus,2904,Iveco Daily 70C17 / Kapena Urby LE,2013,w eksploatacji,
bus,2905,Iveco Daily 70C17 / Kapena Urby LE,2013,spisany,
bus,2906,Iveco Daily 70C17 / Kapena Urby LE,2013,w eksploatacji,
bus,2907,Iveco Daily 70C17 / Kapena Urby LE,2013,w eksploatacji,
bus,2908,Iveco Daily 70C17 / Kapena Urby LE,2013,w eksploatacji,
bus,2910,Karsan e-Jest,2022,w eksploatacji,
bus,2911,Karsan e-Jest,2022,w eksploatacji,
bus,2912,Karsan e-Jest,2022,w eksploatacji,
bus,3101,Neso Bus 12,2024,w eksploatacji,
bus,3102,Neso Bus 12,2024,w eksploatacji,
bus,3103,Neso Bus 12,2024,w eksploatacji,
bus,3104,Neso Bus 12,2024,w eksploatacji,
bus,3105,Neso Bus 12,2024,w eksploatacji,
bus,3106,Neso Bus 12,2024,w eksploatacji,
bus,3107,Neso Bus 12,2024,w eksploatacji,
bus,3108,Neso Bus 12,2024,w eksploatacji,
bus,3109,Neso Bus 12,2024,w eksploatacji,
bus,3110,Neso Bus 12,2024,w eksploatacji,
bus,3111,Solaris Urbino 12 electric,2026,w eksploatacji,
bus,3112,Solaris Urbino 12 electric,2026,w eksploatacji,
bus,3113,Solaris Urbino 12 electric,2026,w eksploatacji,
bus,3114,Solaris Urbino 12 electric,2026,w eksploatacji,
bus,3115,Solaris Urbino 12 electric,2026,w eksploatacji,
bus,3116,Solaris Urbino 12 electric,2026,w eksploatacji,
bus,3117,Solaris Urbino 12 electric,2026,w eksploatacji,
bus,3118,Solaris Urbino 12 electric,2026,w eksploatacji,
bus,3119,Solaris Urbino 12 electric,2026,w eksploatacji,
bus,3120,Solaris Urbino 12 electric,2026,w eksploatacji,
bus,3121,Solaris Urbino 12 electric,2026,w eksploatacji,
bus,3311,Solaris Urbino 18 electric,2026,w eksploatacji,
bus,3312,Solaris Urbino 18 electric,2026,w eksploatacji,
bus,3313,Solaris Urbino 18 electric,2026,w eksploatacji,
bus,3314,Solaris Urbino 18 electric,2026,w eksploatacji,
bus,3315,Solaris Urbino 18 electric,2026,w eksploatacji,
bus,3317,Solaris Urbino 18 electric,2026,w eksploatacji,
bus,3318,Solaris Urbino 18 electric,2026,w eksploatacji,
bus,3319,Solaris Urbino 18 electric,2026,w eksploatacji,
bus,3320,Solaris Urbino 18 electric,2026,w eksploatacji,
bus,3321,Solaris Urbino 18 electric,2026,w eksploatacji,
bus,5053,Autosan A1010T.M03-V01-F01,2015,w eksploatacji,
bus,5054,Solaris Urbino 12,2006,w eksploatacji,
bus,21783,Jelcz PR110M,1991,w eksploatacji,
tram,3,Metropolitan,,w eksploatacji,
tram,11,Konstal N3,1952,w eksploatacji,
tram,266,WFD 1927,1927,w eksploatacji,
tram,273,DWF Ring Tw,1930,w eksploatacji,
tram,399,Fuchs KSW,1948,w eksploatacji,
tram,1001,Alstom NGd99,1999,w eksploatacji,
tram,1002,Alstom NGd99,2000,w eksploatacji,
tram,1003,Alstom NGd99,2000,w eksploatacji,
tram,1004,Alstom NGd99,2000,w eksploatacji,
tram,1005,Bombardier NGT6-2,2007,w eksploatacji,
tram,1006,Bombardier NGT6-2,2007,w eksploatacji,
tram,1007,Bombardier NGT6-2,2007,w eksploatacji,
tram,1011,Pesa 120NaG,2010,w eksploatacji,
tram,1012,Pesa 120NaG,2010,w eksploatacji,
tram,1013,Pesa 120NaG,2010,w eksploatacji,
tram,1014,Pesa 120NaG,2010,w eksploatacji,
tram,1015,Pesa 120NaG,2010,w eksploatacji,
tram,1016,Pesa 120NaG,2011,w eksploatacji,
tram,1017,Pesa 120NaG,2011,w eksploatacji,
tram,1018,Pesa 120NaG,2011,w eksploatacji,
tram,1019,Pesa 120NaG,2011,w eksploatacji,
tram,1020,Pesa 120NaG,2011,w eksploatacji,
tram,1021,Pesa 120NaG,2011,w eksploatacji,
tram,1022,Pesa 120NaG,2011,w eksploatacji,
tram,1023,Pesa 120NaG,2011,w eksploatacji,
tram,1024,Pesa 120NaG,2011,w eksploatacji,
tram,1025,Pesa 120NaG,2011,w eksploatacji,
tram,1026,Pesa 120NaG,2011,w eksploatacji,
tram,1027,Pesa 120NaG,2011,w eksploatacji,
tram,1028,Pesa 120NaG,2011,w eksploatacji,
tram,1029,Pesa 120NaG,2011,w eksploatacji,
tram,1030,Pesa 120NaG,2011,w eksploatacji,
tram,1031,Pesa 120NaG,2011,w eksploatacji,
tram,1032,Pesa 120NaG,2011,w eksploatacji,
tram,1033,Pesa 120NaG,2011,w eksploatacji,
tram,1034,Pesa 120NaG,2011,w eksploatacji,
tram,1035,Pesa 120NaG,2011,w eksploatacji,
tram,1036,Pesa 120NaG,2011,w eksploatacji,
tram,1037,Pesa 120NaG,2011,w eksploatacji,
tram,1038,Pesa 120NaG,2011,w eksploatacji,
tram,1039,Pesa 120NaG,2011,w eksploatacji,
tram,1040,Pesa 120NaG,2011,w eksploatacji,
tram,1041,Pesa 120NaG,2011,w eksploatacji,
tram,1042,Pesa 120NaG,2011,w eksploatacji,
tram,1043,Pesa 120NaG,2011,w eksploatacji,
tram,1044,Pesa 120NaG,2011,w eksploatacji,
tram,1045,Pesa 120NaG,2011,w eksploatacji,
tram,1051,Pesa 128NG,2014,w eksploatacji,
tram,1052,Pesa 128NG,2014,w eksploatacji,
tram,1053,Pesa 128NG,2014,w eksploatacji,
tram,1054,Pesa 128NG,2014,w eksploatacji,
tram,1055,Pesa 128NG,2014,w eksploatacji,
tram,1056,Pesa 128NG,2019,w eksploatacji,
tram,1057,Pesa 128NG,2019,w eksploatacji,
tram,1058,Pesa 128NG,2019,w eksploatacji,
tram,1059,Pesa 128NG,2019,w eksploatacji,
tram,1060,Pesa 128NG,2019,w eksploatacji,
tram,1061,Pesa 128NG,2020,w eksploatacji,
tram,1062,Pesa 128NG,2020,w eksploatacji,
tram,1063,Pesa 128NG,2020,w eksploatacji,
tram,1064,Pesa 128NG,2020,w eksploatacji,
tram,1065,Pesa 128NG,2020,w eksploatacji,
tram,1066,Pesa 128NG,2020,w eksploatacji,
tram,1067,Pesa 128NG,2020,w eksploatacji,
tram,1068,Pesa 128NG,2020,w eksploatacji,
tram,1069,Pesa 128NG,2020,w eksploatacji,
tram,1070,Pesa 128NG,2020,w eksploatacji,
tram,1071,Pesa 128NG,2020,w eksploatacji,
tram,1072,Pesa 128NG,2020,w eksploatacji,
tram,1073,Pesa 128NG,2020,w eksploatacji,
tram,1074,Pesa 128NG,2020,w eksploatacji,
tram,1075,Pesa 128NG,2020,w eksploatacji,
tram,1076,Pesa 128NG,2020,w eksploatacji,
tram,1077,Pesa 128NG,2020,w eksploatacji,
tram,1078,Pesa 128NG,2020,w eksploatacji,
tram,1079,Pesa 128NG,2020,w eksploatacji,
tram,1080,Pesa 128NG,2020,w eksploatacji,
tram,1081,Pesa 128NG,2020,w eksploatacji,
tram,1082,Pesa 128NG,2020,w eksploatacji,
tram,1083,Pesa 128NG,2021,w eksploatacji,
tram,1084,Pesa 128NG,2021,w eksploatacji,
tram,1085,Pesa 128NG,2021,w eksploatacji,
tram,1105,Konstal 102Na,1970,w eksploatacji,
tram,1107,Duewag N8C-NF,1978,w eksploatacji,
tram,1108,Duewag N8C-NF,1978,w eksploatacji,
tram,1109,Duewag N8C-NF,1978,w eksploatacji,
tram,1110,Duewag N8C-NF,1978,w eksploatacji,
tram,1111,Duewag N8C-NF,1978,w eksploatacji,
tram,1112,Duewag N8C-NF,1978,w eksploatacji,
tram,1113,Duewag N8C-NF,1978,w eksploatacji,
tram,1114,Duewag N8C-NF,1978,w eksploatacji,
tram,1115,Duewag N8C-NF,1978,w eksploatacji,
tram,1116,Duewag N8C-NF,1978,w eksploatacji,
tram,1117,Duewag N8C-NF,1978,w eksploatacji,
tram,1118,Duewag N8C-NF,1978,w eksploatacji,
tram,1119,Duewag N8C-NF,1978,w eksploatacji,
tram,1120,Duewag N8C-NF,1978,w eksploatacji,
tram,1121,Duewag N8C-NF,1981,w eksploatacji,
tram,1122,Duewag N8C-NF,1981,w eksploatacji,
tram,1123,Duewag N8C-NF,1981,w eksploatacji,
tram,1124,Duewag N8C,1981,w eksploatacji,
tram,1125,Duewag N8C-NF,1981,w eksploatacji,
tram,1126,Duewag N8C-NF,1981,w eksploatacji,
tram,1127,Duewag N8C-NF,1981,w eksploatacji,
tram,1128,Duewag N8C-NF,1981,w eksploatacji,
tram,1129,Duewag N8C,1981,w eksploatacji,
tram,1131,Duewag N8C-NF,1981,w eksploatacji,
tram,1132,Duewag N8C-NF,1981,w eksploatacji,
tram,1133,Duewag N8C,1981,w eksploatacji,
tram,1134,Duewag N8C-NF,1981,w eksploatacji,
tram,1135,Duewag N8C,1981,w eksploatacji,
tram,1136,Duewag N8C-NF,1981,spisany,2022
tram,1137,Duewag N8C-NF,1981,w eksploatacji,
tram,1138,Duewag N8C-NF,1981,w eksploatacji,
tram,1139,Duewag N8C,1981,w eksploatacji,
tram,1140,Duewag N8C-NF,1981,w eksploatacji,
tram,1141,Duewag N8C-NF,1981,w eksploatacji,
tram,1143,Duewag N8C-NF,1981,w eksploatacji,
tram,1144,Duewag N8C-NF,1982,spisany,2022
tram,1145,Duewag N8C,1982,w eksploatacji,
tram,1146,Duewag N8C,1982,w eksploatacji,
tram,1147,Duewag N8C,1982,w eksploatacji,
tram,1148,Duewag N8C,1982,w eksploatacji,
tram,1149,Duewag N8C-NF,1982,w eksploatacji,
tram,1150,Duewag N8C-NF,1982,w eksploatacji,
tram,1151,Duewag N8C,1982,w eksploatacji,
tram,1152,Duewag N8C-NF,1982,w eksploatacji,
tram,1153,Duewag N8C-NF,1982,w eksploatacji,
tram,1154,Duewag N8C,1982,w eksploatacji,
tram,1161,Duewag N8C-NF,1981,w eksploatacji,
tram,1162,Duewag N8C-NF,1981,w eksploatacji,
tram,1163,Duewag N8C-NF,1981,w eksploatacji,
tram,1164,Duewag N8C-NF,1981,w eksploatacji,
tram,1165,Duewag N8C-NF,1981,w eksploatacji,
tram,1166,Duewag N8C-NF,1981,w eksploatacji,
tram,1167,Duewag N8C-NF,1981,w eksploatacji,
tram,1168,Duewag N8C-NF,1981,w eksploatacji,
tram,1169,Duewag N8C-NF,1981,w eksploatacji,
tram,1170,Duewag N8C-NF,1981,w eksploatacji,
tram,1171,Duewag N8C-NF,1981,w eksploatacji,
tram,1172,Duewag N8C-NF,1981,w eksploatacji,
tram,1173,Duewag N8C-NF,1981,w eksploatacji,
tram,1174,Duewag N8C-NF,1981,w eksploatacji,
tram,1175,Duewag N8C-NF,1981,w eksploatacji,
tram,1176,Duewag N8C-NF,1981,w eksploatacji,
tram,1202,Konstal 105Na,,spisany,2021
tram,1203,Konstal 105Na,,spisany,
tram,1226,Konstal 105Na,1977,w eksploatacji,
tram,1227,Konstal 105Na,1977,spisany,
tram,1232,Konstal 105Na,,spisany,2021
tram,1233,Konstal 105Na,,spisany,2021
tram,1234,Konstal 105Na,,spisany,2021
tram,1238,Konstal 105Na,,spisany,2021
tram,1259,Konstal 105Na,,spisany,2020
tram,1260,Konstal 105Na,,spisany,2020
tram,1290,Konstal 105Na,,spisany,2020
tram,1291,Konstal 105Na,,spisany,
tram,1292,Konstal 105Na,,spisany,
tram,1295,Konstal 105Na,1982,spisany,2020
tram,1296,Konstal 105Na,1977,spisany,2020
tram,1299,Konstal 105Na,1982,w eksploatacji,
tram,1300,Konstal 105Na,1982,w eksploatacji,
tram,1301,Konstal 105Na,,spisany,2021
tram,1309,Konstal 105Na,1983,w eksploatacji,
tram,1310,Konstal 105Na,1983,spisany,2021
tram,1324,Konstal 105Na,1983,spisany,
tram,1325,Konstal 105Na,1983,spisany,
tram,1339,Konstal 105Na,,spisany,2021
tram,1340,Konstal 105Na,,spisany,
tram,1341,Konstal 105Na,1984,w eksploatacji,
tram,1342,Konstal 105Na,1984,w eksploatacji,
tram,1346,Konstal 105Na,,spisany,
tram,1349,Konstal 105Na,,spisany,
tram,1350,Konstal 105Na,,spisany,
tram,1353,Konstal 105Na,,spisany,
tram,1354,Konstal 105Na,,spisany,
tram,1415,Konstal 105Na,,spisany,
tram,1416,Konstal 105Na,,spisany,
tram,1501,Alstom 114Na,1996,w eksploatacji,
tram,1502,Alstom 114Na,1996,w eksploatacji,
tram,5405,Konstal 105Na,1987,w eksploatacji,
tram,5406,Konstal 105Na,1987,w eksploatacji,
tram,6205,Konstal 105N,1977,w eksploatacji,
tram,9003,Konstal 105N,1977,w eksploatacji,
tram,9005,Konstal 105N,1977,w eksploatacji,
tram,9006,Konstal 4N1,1958,w eksploatacji,
tram,9007,Konstal 4N1,1960,w eksploatacji,
tram,9013,Konstal 4N,1957,w eksploatacji,
tram,9016,Konstal N3,1955,w eksploatacji,
tram,9021,Konstal 4N1,1959,w eksploatacji,
tram,9023,Konstal 4N1,1960,w eksploatacji,
tram,9024,Konstal 4N1,1958,w eksploatacji,
